{
  "search": {
    "width": 24,
    "height": 24,
    "path": "M18.9 20.3L13.3 14.7C12.8 15.1 12.225 15.4167 11.575 15.65C10.925 15.8833 10.2333 16 9.5 16C7.68333 16 6.14583 15.3708 4.8875 14.1125C3.62917 12.8542 3 11.3167 3 9.5C3 7.68333 3.62917 6.14583 4.8875 4.8875C6.14583 3.62917 7.68333 3 9.5 3C11.3167 3 12.8542 3.62917 14.1125 4.8875C15.3708 6.14583 16 7.68333 16 9.5C16 10.2333 15.8833 10.925 15.65 11.575C15.4167 12.225 15.1 12.8 14.7 13.3L20.325 18.925C20.5083 19.1083 20.6 19.3333 20.6 19.6C20.6 19.8667 20.5 20.1 20.3 20.3C20.1167 20.4833 19.8833 20.575 19.6 20.575C19.3167 20.575 19.0833 20.4833 18.9 20.3ZM9.5 14C10.75 14 11.8125 13.5625 12.6875 12.6875C13.5625 11.8125 14 10.75 14 9.5C14 8.25 13.5625 7.1875 12.6875 6.3125C11.8125 5.4375 10.75 5 9.5 5C8.25 5 7.1875 5.4375 6.3125 6.3125C5.4375 7.1875 5 8.25 5 9.5C5 10.75 5.4375 11.8125 6.3125 12.6875C7.1875 13.5625 8.25 14 9.5 14Z"
  },
  "instagram": {
    "width": 24,
    "height": 24,
    "path": "M12 2.16094C15.2063 2.16094 15.5859 2.175 16.8469 2.23125C18.0188 2.28281 18.6516 2.47969 19.0734 2.64375C19.6313 2.85938 20.0344 3.12188 20.4516 3.53906C20.8734 3.96094 21.1313 4.35938 21.3469 4.91719C21.5109 5.33906 21.7078 5.97656 21.7594 7.14375C21.8156 8.40937 21.8297 8.78906 21.8297 11.9906C21.8297 15.1969 21.8156 15.5766 21.7594 16.8375C21.7078 18.0094 21.5109 18.6422 21.3469 19.0641C21.1313 19.6219 20.8687 20.025 20.4516 20.4422C20.0297 20.8641 19.6313 21.1219 19.0734 21.3375C18.6516 21.5016 18.0141 21.6984 16.8469 21.75C15.5813 21.8062 15.2016 21.8203 12 21.8203C8.79375 21.8203 8.41406 21.8062 7.15313 21.75C5.98125 21.6984 5.34844 21.5016 4.92656 21.3375C4.36875 21.1219 3.96563 20.8594 3.54844 20.4422C3.12656 20.0203 2.86875 19.6219 2.65313 19.0641C2.48906 18.6422 2.29219 18.0047 2.24063 16.8375C2.18438 15.5719 2.17031 15.1922 2.17031 11.9906C2.17031 8.78438 2.18438 8.40469 2.24063 7.14375C2.29219 5.97187 2.48906 5.33906 2.65313 4.91719C2.86875 4.35938 3.13125 3.95625 3.54844 3.53906C3.97031 3.11719 4.36875 2.85938 4.92656 2.64375C5.34844 2.47969 5.98594 2.28281 7.15313 2.23125C8.41406 2.175 8.79375 2.16094 12 2.16094ZM12 0C8.74219 0 8.33438 0.0140625 7.05469 0.0703125C5.77969 0.126563 4.90313 0.332812 4.14375 0.628125C3.35156 0.9375 2.68125 1.34531 2.01563 2.01562C1.34531 2.68125 0.9375 3.35156 0.628125 4.13906C0.332812 4.90313 0.126563 5.775 0.0703125 7.05C0.0140625 8.33437 0 8.74219 0 12C0 15.2578 0.0140625 15.6656 0.0703125 16.9453C0.126563 18.2203 0.332812 19.0969 0.628125 19.8563C0.9375 20.6484 1.34531 21.3188 2.01563 21.9844C2.68125 22.65 3.35156 23.0625 4.13906 23.3672C4.90313 23.6625 5.775 23.8687 7.05 23.925C8.32969 23.9812 8.7375 23.9953 11.9953 23.9953C15.2531 23.9953 15.6609 23.9812 16.9406 23.925C18.2156 23.8687 19.0922 23.6625 19.8516 23.3672C20.6391 23.0625 21.3094 22.65 21.975 21.9844C22.6406 21.3188 23.0531 20.6484 23.3578 19.8609C23.6531 19.0969 23.8594 18.225 23.9156 16.95C23.9719 15.6703 23.9859 15.2625 23.9859 12.0047C23.9859 8.74688 23.9719 8.33906 23.9156 7.05938C23.8594 5.78438 23.6531 4.90781 23.3578 4.14844C23.0625 3.35156 22.6547 2.68125 21.9844 2.01562C21.3188 1.35 20.6484 0.9375 19.8609 0.632812C19.0969 0.3375 18.225 0.13125 16.95 0.075C15.6656 0.0140625 15.2578 0 12 0ZM12 5.83594C8.59688 5.83594 5.83594 8.59688 5.83594 12C5.83594 15.4031 8.59688 18.1641 12 18.1641C15.4031 18.1641 18.1641 15.4031 18.1641 12C18.1641 8.59688 15.4031 5.83594 12 5.83594ZM12 15.9984C9.79219 15.9984 8.00156 14.2078 8.00156 12C8.00156 9.79219 9.79219 8.00156 12 8.00156C14.2078 8.00156 15.9984 9.79219 15.9984 12C15.9984 14.2078 14.2078 15.9984 12 15.9984ZM19.8469 5.59214C19.8469 6.38902 19.2 7.03121 18.4078 7.03121C17.6109 7.03121 16.9688 6.38433 16.9688 5.59214C16.9688 4.79527 17.6156 4.15308 18.4078 4.15308C19.2 4.15308 19.8469 4.79996 19.8469 5.59214Z"
  },
  "facebook": {
    "width": 24,
    "height": 24,
    "path": "M9.10069 23.6472V15.6673H6.62402V12H9.10069V10.42C9.10069 6.33534 10.9487 4.44401 14.9567 4.44401C15.7154 4.44401 17.0254 4.59267 17.5634 4.74134V8.06334C17.28 8.03467 16.7854 8.02001 16.176 8.02001C14.208 8.02001 13.4494 8.76401 13.4494 10.7033V12H17.3714L16.6994 15.6667H13.4547V23.9132C19.3964 23.1936 24 18.1344 24 12C24 5.37267 18.6273 0 12 0C5.37267 0 0 5.37267 0 12C0 17.6278 3.87368 22.3503 9.10069 23.6472Z"
  },
  "github": {
    "width": 24,
    "height": 24,
    "path": "M11.9958 0C9.14698 0.00147807 6.39161 1.01046 4.22235 2.84652C2.05309 4.68259 0.611387 7.22601 0.155028 10.022C-0.301331 12.818 0.25741 15.6842 1.73135 18.1082C3.2053 20.5321 5.49832 22.3558 8.20041 23.253C8.79654 23.3636 9.02108 22.9941 9.02108 22.68C9.02108 22.3658 9.00915 21.455 9.00518 20.4592C5.66688 21.1804 4.96147 19.0505 4.96147 19.0505C4.41701 17.6674 3.63012 17.3039 3.63012 17.3039C2.5412 16.565 3.7116 16.5788 3.7116 16.5788C4.91776 16.6637 5.55164 17.8097 5.55164 17.8097C6.62069 19.6333 8.35938 19.1058 9.04293 18.7976C9.15024 18.0251 9.46222 17.4995 9.80598 17.2012C7.13931 16.9008 4.33752 15.8774 4.33752 11.3054C4.32099 10.1197 4.76351 8.97305 5.57349 8.10268C5.45029 7.80236 5.03896 6.58923 5.69073 4.94143C5.69073 4.94143 6.69819 4.62136 8.99128 6.16444C10.9582 5.62962 13.0333 5.62962 15.0002 6.16444C17.2913 4.62136 18.2968 4.94143 18.2968 4.94143C18.9505 6.58528 18.5392 7.79841 18.416 8.10268C19.2286 8.97319 19.672 10.1218 19.654 11.3094C19.654 15.8912 16.8462 16.9008 14.1756 17.1952C14.6048 17.5667 14.9883 18.2918 14.9883 19.4061C14.9883 21.0026 14.9744 22.2868 14.9744 22.68C14.9744 22.9981 15.191 23.3695 15.799 23.253C18.5014 22.3557 20.7947 20.5317 22.2686 18.1073C23.7425 15.683 24.301 12.8163 23.8441 10.0201C23.3872 7.2238 21.9448 4.68035 19.7748 2.84461C17.6048 1.00886 14.8488 0.000541194 11.9997 0H11.9958Z"
  },
  "x": {
    "width": 24,
    "height": 24,
    "path": "M18.3263 2.04999H21.6998L14.3297 10.4735L23 21.936H16.2112L10.894 14.984L4.80995 21.936H1.43443L9.31743 12.9261L1 2.04999H7.96111L12.7674 8.40432L18.3263 2.04999ZM17.1423 19.9168H19.0116L6.94539 3.96312H4.93946L17.1423 19.9168Z"
  }
}